"","housenumber","street","city","state","zip","country"
"2","150","Greenwich Street","New York City","New York","10007","United States of America"
"5","House Number Not Found","Street Not Found","West Liberty","Ohio","Postcode Not Found","United States of America"
"10","House Number Not Found","Street Not Found","Eason","Oklahoma","74878","United States of America"
"12","House Number Not Found","Borman Expressway","Hammond","Indiana","46324","United States of America"
"14","277","East 2nd Street","Rochester","Michigan","48307","United States of America"
"15","House Number Not Found","Street Not Found","Jefferson","Kansas","67340","United States of America"
"16","House Number Not Found","Street Not Found","Fresno","California","93702","United States of America"
"17","House Number Not Found","Street Not Found","Tetersburg","Indiana","46045","United States of America"
"19","House Number Not Found","East Market Street","Warren","Ohio","OH 44481","United States of America"
"21","House Number Not Found","Street Not Found","Jefferson","Kansas","67340","United States of America"
"22","3010","Veterans Memorial Highway","Bohemia","New York","11716","United States of America"
"23","House Number Not Found","Street Not Found","Redhouse","Kentucky","Postcode Not Found","United States of America"
"24","House Number Not Found","Street Not Found","Putnam Township","Michigan","48169","United States of America"
"25","House Number Not Found","Street Not Found","Bartlesville","Oklahoma","74006","United States of America"
"26","House Number Not Found","Street Not Found","Selma","Texas","78154","United States of America"
"27","House Number Not Found","Street Not Found","McKeesport","Pennsylvania","15132","United States of America"
"28","House Number Not Found","Street Not Found","Jefferson","Kansas","67340","United States of America"
"29","House Number Not Found","Street Not Found","Tetersburg","Indiana","46045","United States of America"
"32","House Number Not Found","South 8th Street","Murphysboro","Illinois","62966","United States of America"
"36","House Number Not Found","Street Not Found","New Caney","Texas","77357","United States of America"
"37","House Number Not Found","Street Not Found","Philadelphia","Pennsylvania","19102","United States of America"
"38","House Number Not Found","Street Not Found","Houma","Louisiana","70360","United States of America"
"39","151","North Franklin Street","Chicago","Illinois","60606","United States of America"
"41","House Number Not Found","Street Not Found","Tulsa","Oklahoma","74106","United States of America"
"43","House Number Not Found","Street Not Found","Atlanta","Georgia","30303","United States of America"
"46","602","South Meridian","Puyallup","Washington","98371","United States of America"
"47","700","5th Avenue","Seattle","Washington","98104","United States of America"
"48","House Number Not Found","Street Not Found","Virginia Beach","Virginia","23451","United States of America"
"50","House Number Not Found","Street Not Found","Le Hunt","Kansas","67301","United States of America"
"51","150","Greenwich Street","New York City","New York","10007","United States of America"
"55","House Number Not Found","Street Not Found","Iowa City","Iowa","52240","United States of America"
"56","House Number Not Found","Wilson Avenue","Bellmore","New York","11710","United States of America"
"57","House Number Not Found","Street Not Found","Le Hunt","Kansas","67301","United States of America"
"61","House Number Not Found","Street Not Found","Fremont","Ohio","43420","United States of America"
"62","411","South Houston Street","Dallas","Texas","75202","United States of America"
"63","House Number Not Found","Street Not Found","North Guilford","Maine","Postcode Not Found","United States of America"
"64","House Number Not Found","Street Not Found","City Not Found","Missouri","65401","United States of America"
"65","House Number Not Found","Street Not Found","Galveston","Texas","77550","United States of America"
"69","House Number Not Found","Street Not Found","Level Corner","Pennsylvania","17744","United States of America"
"71","House Number Not Found","Street Not Found","City Not Found","West Virginia","25113","United States of America"
"72","House Number Not Found","Street Not Found","Sandusky","Ohio","44870","United States of America"
"74","House Number Not Found","Street Not Found","Level Corner","Pennsylvania","17744","United States of America"
"75","3586","HWY 71","Carroll","Louisiana","71019","United States of America"
"76","House Number Not Found","Street Not Found","City Not Found","Iowa","50141","United States of America"
"77","House Number Not Found","Street Not Found","Jefferson","Kansas","67340","United States of America"
"78","House Number Not Found","Street Not Found","Independence","Kansas","67301","United States of America"
"80","House Number Not Found","Street Not Found","City Not Found","Missouri","65401","United States of America"
"82","700","5th Avenue","Seattle","Washington","98104","United States of America"
"84","House Number Not Found","Street Not Found","Eagle Mountain","Utah","84005","United States of America"
"85","750","North Hudson Avenue","Chicago","Illinois","60610","United States of America"
"88","House Number Not Found","Street Not Found","City Not Found","Georgia","Postcode Not Found","United States of America"
"89","House Number Not Found","Street Not Found","Fresno","California","93702","United States of America"
"91","House Number Not Found","Street Not Found","Chapel Hill","North Carolina","27516","United States of America"
"93","House Number Not Found","Street Not Found","Jersey City","New Jersey","07304:07306","United States of America"
"96","201","South Broadway","Green Bay","Wisconsin","54303","United States of America"
"97","65","Lawrenceville Street Northwest","Norcross","Georgia","30071","United States of America"
"98","800","West Frost Street","Plattsburg","Missouri","64477","United States of America"
"100","1216 West Third Avenue","North Orchard Street","El Dorado","Kansas","67042","United States of America"
"102","House Number Not Found","Street Not Found","City Not Found","Georgia","Postcode Not Found","United States of America"
"104","House Number Not Found","Street Not Found","Sherman","Texas","75092","United States of America"
"106","26","City Center","Portland","Maine","04101","United States of America"
"107","133","South 3rd Street","Louisville","Kentucky","40202","United States of America"
"108","150","Greenwich Street","New York City","New York","10007","United States of America"
"109","House Number Not Found","Street Not Found","Atlanta","Georgia","30303","United States of America"
"111","7999","Regents Drive","College Park","Maryland","20742","United States of America"
"112","House Number Not Found","Street Not Found","Saint Cloud","Minnesota","56303","United States of America"
"113","House Number Not Found","Street Not Found","Jefferson","Kansas","67340","United States of America"
"114","House Number Not Found","Street Not Found","Harrisburg","Pennsylvania","17120","United States of America"
"116","House Number Not Found","Warner Bridge Road","Sims Spring","Tennessee","37160","United States of America"
"120","House Number Not Found","Street Not Found","Kent","Ohio","44240","United States of America"
"121","150","Greenwich Street","New York City","New York","10007","United States of America"
"122","House Number Not Found","Street Not Found","Jefferson","Kansas","67340","United States of America"
"123","House Number Not Found","Forest Road","Nederland","Colorado","80466","United States of America"
"125","309","East 11th Street","Austin","Texas","78701","United States of America"
"127","House Number Not Found","Street Not Found","Indianapolis","Indiana","46225","United States of America"
"128","House Number Not Found","Street Not Found","Coffeyville","Kansas","67337","United States of America"
"129","House Number Not Found","East Pine Street","Dunmore","Pennsylvania","18512","United States of America"
"133","House Number Not Found","West Oglethorpe Avenue","Savannah","Georgia","31401","United States of America"
"135","350","Canal Walk","Indianapolis","Indiana","46202","United States of America"
"137","150","Greenwich Street","New York City","New York","10007","United States of America"
"139","800","South Victoria Avenue","Ventura","California","93009","United States of America"
"140","House Number Not Found","Street Not Found","Round Rock","Texas","78664","United States of America"
"141","150","Greenwich Street","New York City","New York","10007","United States of America"
"142","House Number Not Found","Street Not Found","Vinton","Virginia","24179","United States of America"
"143","House Number Not Found","Street Not Found","Jefferson","Kansas","67340","United States of America"
"144","House Number Not Found","Street Not Found","Raleigh","North Carolina","27603","United States of America"
"145","House Number Not Found","Street Not Found","Sherwood","Arkansas","72116","United States of America"
"148","27460","Pacific Coast Highway","Malibu","California","90265","United States of America"
"150","House Number Not Found","Street Not Found","City Not Found","Missouri","65401","United States of America"
"151","House Number Not Found","Street Not Found","Hillcrest","Indiana","47112","United States of America"
"152","700","5th Avenue","Seattle","Washington","98104","United States of America"
"153","House Number Not Found","Street Not Found","Bay Lake","Florida","32830-8426","United States of America"
"155","688","Columbus Avenue","New York City","New York","10025","United States of America"
"156","House Number Not Found","Street Not Found","Minneapolis","Minnesota","55401","United States of America"
"157","House Number Not Found","Street Not Found","City Not Found","Louisiana","71362","United States of America"
"162","House Number Not Found","Street Not Found","Sliders","Virginia","Postcode Not Found","United States of America"
"163","House Number Not Found","Street Not Found","Tanager Forest","Maryland","21108","United States of America"
"165","House Number Not Found","Street Not Found","Fresno","California","93702","United States of America"
"166","House Number Not Found","Street Not Found","Portland","Oregon","97258","United States of America"
"168","House Number Not Found","Street Not Found","Jefferson","Kansas","67340","United States of America"
"169","House Number Not Found","Campus Drive","Madison","New Jersey","07940","United States of America"
"170","House Number Not Found","Classon Avenue","New York City","New York","11238","United States of America"
"171","House Number Not Found","Street Not Found","Atlanta","Georgia","30303","United States of America"
"172","House Number Not Found","Street Not Found","Salem","Oregon","97301","United States of America"
"173","House Number Not Found","Street Not Found","Conway","Arkansas","72034","United States of America"
"175","House Number Not Found","Street Not Found","Stanwood","Washington","Postcode Not Found","United States of America"
"176","House Number Not Found","Old Barnstable Road South Section","Barnstable","Massachusetts","02601-5542","United States of America"
"178","1304","Elati Street","Denver","Colorado","80204","United States of America"
"179","309","East 11th Street","Austin","Texas","78701","United States of America"
"180","House Number Not Found","Street Not Found","Minneapolis","Minnesota","55401","United States of America"
"182","House Number Not Found","Street Not Found","Houston","Texas","77003:77007","United States of America"
"183","House Number Not Found","Street Not Found","Oakville","Connecticut","06795","United States of America"
"187","House Number Not Found","Street Not Found","Jefferson","Kansas","67340","United States of America"
"188","House Number Not Found","Street Not Found","Houston","Texas","77003:77007","United States of America"
"190","House Number Not Found","Street Not Found","Plumsted Township","New Jersey","08533","United States of America"
"193","House Number Not Found","White Plains Road","Town of Eastchester","New York","10709","United States of America"
"196","House Number Not Found","Street Not Found","Hickory Hills","Tennessee","37067","United States of America"
"200","House Number Not Found","Main Street","Waltham","Massachusetts","MA 02453","United States of America"
"201","150","Greenwich Street","New York City","New York","10007","United States of America"
"204","House Number Not Found","Street Not Found","North Las Vegas","Nevada","NV 89030","United States of America"
"205","700","5th Avenue","Seattle","Washington","98104","United States of America"
"206","House Number Not Found","Street Not Found","Batesville","Arkansas","72501","United States of America"
"207","House Number Not Found","Settlers Trail Court","Greycrest","North Carolina","27273","United States of America"
"208","House Number Not Found","Street Not Found","New Orleans","Louisiana","70012","United States of America"
"209","House Number Not Found","Street Not Found","City Not Found","Mississippi","39759","United States of America"
"210","House Number Not Found","Street Not Found","Houston","Texas","77003:77007","United States of America"
"211","House Number Not Found","Street Not Found","Minneapolis","Minnesota","55401","United States of America"
"213","House Number Not Found","Street Not Found","Amelia","Ohio","45102","United States of America"
"215","House Number Not Found","Street Not Found","Jefferson","Kansas","67340","United States of America"
"216","House Number Not Found","Buhl Street North","Twin Falls","Idaho","83301","United States of America"
"217","House Number Not Found","Street Not Found","Oklahoma City","Oklahoma","73102:73104","United States of America"
"218","House Number Not Found","College Avenue","Lima","Ohio","45805","United States of America"
"219","House Number Not Found","Goode Street","Bristol","Virginia","37625","United States of America"
"220","House Number Not Found","Street Not Found","Jefferson","Kansas","67340","United States of America"
"221","170","Pike Street","Dayton","Nevada","89403-6604","United States of America"
"222","House Number Not Found","West 16th Street","North Little Rock","Arkansas","72114","United States of America"
"223","House Number Not Found","Street Not Found","West Liberty","Ohio","Postcode Not Found","United States of America"
"226","700","5th Avenue","Seattle","Washington","98104","United States of America"
"227","House Number Not Found","Street Not Found","Germantown","Maryland","20874","United States of America"
"229","House Number Not Found","Street Not Found","Minneapolis","Minnesota","55401","United States of America"
"230","House Number Not Found","Street Not Found","Jefferson","Kansas","67340","United States of America"
"232","House Number Not Found","3rd Street","Detroit","Michigan","48226","United States of America"
"233","House Number Not Found","Street Not Found","Charleston","South Carolina","29401","United States of America"
"236","House Number Not Found","Street Not Found","Beaumont","Texas","77702","United States of America"
"238","House Number Not Found","Street Not Found","Sportsmen Acres Community","Oklahoma","Postcode Not Found","United States of America"
"240","House Number Not Found","Street Not Found","Bay Lake","Florida","Postcode Not Found","United States of America"
"241","House Number Not Found","Street Not Found","Casselberry","Florida","32792","United States of America"
"242","House Number Not Found","Street Not Found","Tustin","California","92780","United States of America"
"243","House Number Not Found","Street Not Found","Los Angeles","California","90012","United States of America"
"244","House Number Not Found","Street Not Found","Portland","Oregon","97258","United States of America"
"245","House Number Not Found","Street Not Found","Buffalo","New York","14202","United States of America"
"249","House Number Not Found","Street Not Found","West Liberty","Ohio","Postcode Not Found","United States of America"
"250","30712","Lyon Center East Drive","Lyon Township","Michigan","48165","United States of America"
"251","House Number Not Found","Street Not Found","Rome","Georgia","30161","United States of America"
"252","House Number Not Found","Street Not Found","Oregon City","Oregon","97045","United States of America"
"256","House Number Not Found","Street Not Found","Jefferson","New York","12093","United States of America"
"257","House Number Not Found","Street Not Found","Minneapolis","Minnesota","55401","United States of America"
"260","House Number Not Found","Street Not Found","College Station","Texas","77841","United States of America"
"261","150","Greenwich Street","New York City","New York","10007","United States of America"
"262","House Number Not Found","Street Not Found","Falls Township","Pennsylvania","19030-4005","United States of America"
"265","House Number Not Found","Street Not Found","Colburn","Indiana","46536","United States of America"
"266","1392","Atlantic Avenue","New York City","New York","11216","United States of America"
"268","House Number Not Found","Center Road","Fairborn","Ohio","45433","United States of America"
"269","House Number Not Found","Street Not Found","Madrid","Iowa","50156","United States of America"
"270","House Number Not Found","Street Not Found","Minneapolis","Minnesota","55413","United States of America"
"273","House Number Not Found","Street Not Found","Houston","Texas","77003:77007","United States of America"
"277","House Number Not Found","Street Not Found","Fresno","California","93702","United States of America"
"281","500","East Trade Street","Charlotte","North Carolina","28202","United States of America"
"283","House Number Not Found","Street Not Found","Jefferson","Kansas","67340","United States of America"
"285","House Number Not Found","River Walk","San Antonio","Texas","78205","United States of America"
"286","1635","Farrington Road","Bells","North Carolina","27523","United States of America"
"287","House Number Not Found","Street Not Found","Los Angeles","California","90012","United States of America"
"288","15361","State Route 207","Coles Corner","Washington","98826","United States of America"
"289","House Number Not Found","Street Not Found","Washington","District of Columbia","20420","United States of America"
"290","House Number Not Found","Street Not Found","Plumsted Township","New Jersey","08533","United States of America"
"291","180","Euclid Avenue","Cleveland","Ohio","44113","United States of America"
"292","House Number Not Found","Street Not Found","Jefferson","Kansas","67340","United States of America"
"293","House Number Not Found","Street Not Found","Tanager Forest","Maryland","21108","United States of America"
"294","350","Canal Walk","Indianapolis","Indiana","46202","United States of America"
"295","House Number Not Found","Street Not Found","Jefferson","Kansas","67340","United States of America"
"296","House Number Not Found","Street Not Found","Seymour","Indiana","47274","United States of America"
"297","House Number Not Found","Street Not Found","Le Hunt","Kansas","67301","United States of America"
"298","House Number Not Found","Street Not Found","Wellington","Florida","33414","United States of America"
"300","House Number Not Found","Street Not Found","Greenfield","Indiana","46140","United States of America"
"302","House Number Not Found","Street Not Found","Jackson","Mississippi","39269","United States of America"
"303","6","East Wheelock Street","Hanover","New Hampshire","03755","United States of America"
"304","19","Street Not Found","Broken Bow","Oklahoma","74728","United States of America"
"305","House Number Not Found","Street Not Found","Vineland","New Jersey","08360","United States of America"
"306","House Number Not Found","West Circle Drive","East Lansing","Michigan","48825:48864","United States of America"
"307","House Number Not Found","Street Not Found","Cincinnati","Ohio","45202","United States of America"
"308","House Number Not Found","Street Not Found","Kansas City","Kansas","66101","United States of America"
"309","House Number Not Found","Street Not Found","Jefferson","Kansas","67340","United States of America"
"311","House Number Not Found","Street Not Found","Fort Worth","Texas","76102","United States of America"
"312","House Number Not Found","Sumter Street","Columbia","South Carolina","29201","United States of America"
"314","House Number Not Found","Street Not Found","Santa Monica","California","90401-2405","United States of America"
"315","100-298","Enterprise Drive","Glenerie Lake Park","New York","12449","United States of America"
"316","180","Euclid Avenue","Cleveland","Ohio","44113","United States of America"
"317","House Number Not Found","West Church Street","Newark","Ohio","43055","United States of America"
"318","House Number Not Found","Street Not Found","Reno","Nevada","89505","United States of America"
"320","House Number Not Found","Street Not Found","Lake Forest","California","92630","United States of America"
"321","151","North Franklin Street","Chicago","Illinois","60606","United States of America"
"322","26","City Center","Portland","Maine","04101","United States of America"
"323","House Number Not Found","Street Not Found","Oakland","California","Postcode Not Found","United States of America"
"325","House Number Not Found","Street Not Found","City Not Found","California","Postcode Not Found","United States of America"
"326","House Number Not Found","Street Not Found","Social Circle","Georgia","30025","United States of America"
"327","House Number Not Found","Building U","Jacksonville","Florida","32246-6624","United States of America"
"328","House Number Not Found","Street Not Found","Ponca City","Oklahoma","74601","United States of America"
"331","House Number Not Found","Street Not Found","Sliders","Virginia","Postcode Not Found","United States of America"
"332","House Number Not Found","Street Not Found","Marquette","Michigan","49855","United States of America"
"333","1635","Farrington Road","Bells","North Carolina","27523","United States of America"
"334","House Number Not Found","Street Not Found","Buffalo","New York","14202","United States of America"
"335","House Number Not Found","Street Not Found","San Francisco","California","94158","United States of America"
"337","House Number Not Found","Street Not Found","Eason","Oklahoma","74878","United States of America"
"341","House Number Not Found","Street Not Found","Rochester","New York","14604","United States of America"
"344","865","6th Avenue","New York City","New York","10001","United States of America"
"345","House Number Not Found","Street Not Found","Kokomo","Indiana","46901","United States of America"
"346","House Number Not Found","Street Not Found","Jacksonville Beach","Florida","32250","United States of America"
"347","House Number Not Found","Street Not Found","Jefferson","Kansas","67340","United States of America"
"348","House Number Not Found","Street Not Found","Los Angeles","California","90012","United States of America"
"349","House Number Not Found","Backlot Drive","Orlando","Florida","32819-7827","United States of America"
"353","150","Greenwich Street","New York City","New York","10007","United States of America"
"354","180","Euclid Avenue","Cleveland","Ohio","44113","United States of America"
"360","House Number Not Found","Street Not Found","Edmond","Oklahoma","73034","United States of America"
"362","House Number Not Found","Street Not Found","Garden Valley","California","95633","United States of America"
"363","208","Craven Street","New Bern","North Carolina","28560","United States of America"
"364","House Number Not Found","Street Not Found","Nashville-Davidson","Tennessee","37219","United States of America"
"366","House Number Not Found","Street Not Found","Bakersfield","California","93301","United States of America"
"367","House Number Not Found","Street Not Found","Nashville-Davidson","Tennessee","37219","United States of America"
"368","House Number Not Found","Street Not Found","Jefferson","Kansas","67340","United States of America"
"369","House Number Not Found","Street Not Found","Houston","Texas","77003:77007","United States of America"
"370","House Number Not Found","Street Not Found","Fresno","California","93702","United States of America"
"371","House Number Not Found","Street Not Found","Wilmington","North Carolina","28403","United States of America"
"373","House Number Not Found","Street Not Found","Eason","Oklahoma","74878","United States of America"
"374","3010","Veterans Memorial Highway","Bohemia","New York","11716","United States of America"
"377","House Number Not Found","Street Not Found","Eason","Oklahoma","74878","United States of America"
"378","House Number Not Found","Street Not Found","Old Bridge Township","New Jersey","08859","United States of America"
"379","House Number Not Found","Street Not Found","Houston","Texas","77003:77007","United States of America"
"380","1635","Farrington Road","Bells","North Carolina","27523","United States of America"
"381","House Number Not Found","South Ridgewood Avenue","Ormond Beach","Florida","32174","United States of America"
"383","House Number Not Found","Street Not Found","Franklin","Tennessee","37067","United States of America"
"384","House Number Not Found","Street Not Found","Chicago","Illinois","60657","United States of America"
"386","House Number Not Found","Street Not Found","Chino Hills","California","91709","United States of America"
"390","1821","13th Avenue","Seattle","Washington","98122","United States of America"
"391","House Number Not Found","Street Not Found","Southern Shops","South Carolina","29303","United States of America"
"392","150","Greenwich Street","New York City","New York","10007","United States of America"
"394","309","East 11th Street","Austin","Texas","78701","United States of America"
"395","House Number Not Found","Street Not Found","Eugene","Oregon","97401","United States of America"
"397","House Number Not Found","Street Not Found","Nacogdoches","Texas","75961","United States of America"
"398","House Number Not Found","Street Not Found","Bowie","Maryland","20715","United States of America"
"399","House Number Not Found","Halcyon Place","Concord","New Hampshire","03302","United States of America"
"401","House Number Not Found","Orange Street","Jacksonville","Florida","32202","United States of America"
"402","House Number Not Found","Street Not Found","Arlington","Texas","76019","United States of America"
"403","House Number Not Found","Street Not Found","Jefferson","Kansas","67340","United States of America"
"404","House Number Not Found","Street Not Found","Port St. Lucie","Florida","34953","United States of America"
"407","House Number Not Found","Santa Barbara Street","Santa Barbara","California","93101","United States of America"
"412","House Number Not Found","Street Not Found","Houston","Texas","77003:77007","United States of America"
"414","House Number Not Found","Street Not Found","Plumsted Township","New Jersey","08533","United States of America"
"416","House Number Not Found","Street Not Found","Eason","Oklahoma","74878","United States of America"
"417","House Number Not Found","Arthur H. Breed Junior Freeway","Pleasanton","California","94588","United States of America"
"418","House Number Not Found","Street Not Found","Overland Park","Kansas","66204","United States of America"
"419","House Number Not Found","Street Not Found","Pawnee","Illinois","62558","United States of America"
"422","House Number Not Found","Street Not Found","Washington","District of Columbia","20420","United States of America"
"423","House Number Not Found","Street Not Found","Ash Grove","Missouri","65604","United States of America"
"435","House Number Not Found","Street Not Found","Chandler","Arizona","85225-7872","United States of America"
"436","House Number Not Found","Street Not Found","Jefferson","Kansas","67340","United States of America"
"437","House Number Not Found","13th Street","Lubbock","Texas","79401","United States of America"
"439","House Number Not Found","Street Not Found","Knoxville","Tennessee","37916","United States of America"
"440","House Number Not Found","Street Not Found","Los Angeles","California","90010-3401","United States of America"
"441","700","5th Avenue","Seattle","Washington","98104","United States of America"
"442","House Number Not Found","Street Not Found","Las Vegas","Nevada","89101","United States of America"
"443","House Number Not Found","Marion Street","Howell","Michigan","48843","United States of America"
"444","House Number Not Found","Street Not Found","Rainbow City","Alabama","35906","United States of America"
"445","House Number Not Found","Street Not Found","Pittsburgh","Pennsylvania","15219","United States of America"
"446","350","Canal Walk","Indianapolis","Indiana","46202","United States of America"
"447","House Number Not Found","Street Not Found","Burke","Virginia","22015","United States of America"
"449","309","East Main Street","Lexington","South Carolina","29072","United States of America"
"452","House Number Not Found","Street Not Found","Los Angeles","California","91042-2137","United States of America"
"453","House Number Not Found","Street Not Found","La Russell","Missouri","64848","United States of America"
"455","House Number Not Found","Street Not Found","Tampa","Florida","33602","United States of America"
"456","House Number Not Found","Street Not Found","Roanoke","Virginia","24011","United States of America"
"458","House Number Not Found","Street Not Found","Cincinnati","Ohio","45202","United States of America"
"460","House Number Not Found","Street Not Found","Bethesda","Maryland","20837","United States of America"
"462","House Number Not Found","Street Not Found","Tulsa","Oklahoma","74120","United States of America"
"463","1","Federal Street","Boston","Massachusetts","02110-1301","United States of America"
"464","House Number Not Found","South Marginal Highway","Union City","New Jersey","07086","United States of America"
"465","House Number Not Found","Street Not Found","Buffalo","New York","14202","United States of America"
"466","House Number Not Found","Street Not Found","North Charleston","South Carolina","29405","United States of America"
"467","House Number Not Found","Street Not Found","City Not Found","Arkansas","72082:72102:72143","United States of America"
"470","House Number Not Found","Foster Avenue","New York City","New York","11203","United States of America"
"475","House Number Not Found","Street Not Found","Rancho Cucamonga","California","91701-9998","United States of America"
"478","House Number Not Found","Street Not Found","Bethel Park","Pennsylvania","15102","United States of America"
"485","House Number Not Found","Street Not Found","Chicago","Illinois","60615-5299","United States of America"
"486","201","South 4th Street","San José","California","95112","United States of America"
"489","House Number Not Found","Street Not Found","Chapel Hill","North Carolina","27516","United States of America"
"491","House Number Not Found","Street Not Found","Meridian","Mississippi","39302","United States of America"
"492","House Number Not Found","Street Not Found","Tulsa","Oklahoma","74134","United States of America"
"495","House Number Not Found","Street Not Found","Washington","District of Columbia","20420","United States of America"
"496","House Number Not Found","Street Not Found","Modesto","California","95350","United States of America"
"497","House Number Not Found","Street Not Found","Garden Valley","California","95633","United States of America"
"499","700","5th Avenue","Seattle","Washington","98104","United States of America"
"500","151","North Franklin Street","Chicago","Illinois","60606","United States of America"
"501","1304","Elati Street","Denver","Colorado","80204","United States of America"
"502","House Number Not Found","Street Not Found","Jefferson","Kansas","67340","United States of America"
"503","House Number Not Found","Street Not Found","Eason","Oklahoma","74878","United States of America"
"504","House Number Not Found","Street Not Found","Jefferson","Kansas","67340","United States of America"
"506","House Number Not Found","Street Not Found","Calabasas","Arizona","85648","United States of America"
"508","30","South El Dorado Street","Stockton","California","95202","United States of America"
"509","House Number Not Found","West Hopkins Street","San Marcos","Texas","78666","United States of America"
"510","House Number Not Found","Brookdale Drive North","Brooklyn Park","Minnesota","55443","United States of America"
"511","House Number Not Found","East 40th Street","Minneapolis","Minnesota","55407","United States of America"
"512","1740","Rapp Street","Rapid City","South Dakota","57701","United States of America"
"516","House Number Not Found","Street Not Found","San Francisco","California","94103","United States of America"
"518","House Number Not Found","Street Not Found","Irvine","California","92616","United States of America"
"519","House Number Not Found","Street Not Found","Yogo Crossing","Montana","Postcode Not Found","United States of America"
"520","411","South Houston Street","Dallas","Texas","75202","United States of America"
"521","House Number Not Found","Street Not Found","St. Louis","Missouri","63102-1102","United States of America"
"523","House Number Not Found","Street Not Found","Rochester","New York","14604","United States of America"
"524","House Number Not Found","Street Not Found","Jefferson","Kansas","67340","United States of America"
"525","House Number Not Found","North Ventura Avenue","Ventura","California","93001","United States of America"
"528","House Number Not Found","Street Not Found","Jefferson","Kansas","67340","United States of America"
"529","House Number Not Found","Street Not Found","City Not Found","Minnesota","55057","United States of America"
"530","House Number Not Found","Street Not Found","Palm Springs","California","CA 92292","United States of America"
"532","House Number Not Found","Street Not Found","Sliders","Virginia","Postcode Not Found","United States of America"
"533","House Number Not Found","Sumter Street","Columbia","South Carolina","29201","United States of America"
"535","201","South 4th Street","San José","California","95112","United States of America"
"536","House Number Not Found","Summers Street","Charleston","West Virginia","25301","United States of America"
"538","House Number Not Found","Street Not Found","Los Angeles","California","90012","United States of America"
"539","House Number Not Found","Street Not Found","Gainesville","Virginia","20155","United States of America"
"541","75","Franklin Avenue","Ridgewood","New Jersey","07450","United States of America"
"542","House Number Not Found","Street Not Found","Mountain View","California","94041","United States of America"
"543","House Number Not Found","Street Not Found","Ukiah","California","95482","United States of America"
"546","House Number Not Found","Street Not Found","Philadelphia","Pennsylvania","19102","United States of America"
"547","House Number Not Found","Street Not Found","Sliders","Virginia","Postcode Not Found","United States of America"
"548","House Number Not Found","Street Not Found","City Not Found","Georgia","Postcode Not Found","United States of America"
"550","House Number Not Found","Street Not Found","Bethany","Oklahoma","73008","United States of America"
"551","House Number Not Found","Street Not Found","Tampa","Florida","33602","United States of America"
"552","House Number Not Found","Street Not Found","Washington","District of Columbia","20420","United States of America"
"554","House Number Not Found","Street Not Found","Washington","District of Columbia","20420","United States of America"
"560","House Number Not Found","South 3rd Street","Clinton","Iowa","52732","United States of America"
"561","House Number Not Found","Street Not Found","Bailey s Crossroads","Virginia","22204-1099","United States of America"
"563","House Number Not Found","Street Not Found","Sharpes Hill","South Carolina","29053","United States of America"
"564","House Number Not Found","Street Not Found","Miami Lakes","Florida","33014","United States of America"
"570","House Number Not Found","Street Not Found","Tetersburg","Indiana","46045","United States of America"
"571","House Number Not Found","Street Not Found","Nicholasville","Kentucky","40356","United States of America"
"572","House Number Not Found","Street Not Found","City Not Found","Utah","Postcode Not Found","United States of America"
"573","House Number Not Found","Street Not Found","Plumsted Township","New Jersey","08533","United States of America"
"575","151","North Franklin Street","Chicago","Illinois","60606","United States of America"
"576","House Number Not Found","Street Not Found","Danville","California","94526","United States of America"
"577","3033","Vintage Boulevard","Mendenhaven","Alaska","99801","United States of America"
"578","House Number Not Found","Street Not Found","Paragould","Arkansas","72450","United States of America"
"579","House Number Not Found","Street Not Found","Omaha","Nebraska","68012","United States of America"
"580","150","Greenwich Street","New York City","New York","10007","United States of America"
"581","713","South Sixth Street","Champaign","Illinois","61820","United States of America"
"582","180","Euclid Avenue","Cleveland","Ohio","44113","United States of America"
"583","House Number Not Found","Street Not Found","Littleton","Massachusetts","014060","United States of America"
"584","House Number Not Found","Street Not Found","North Guilford","Maine","Postcode Not Found","United States of America"
"587","House Number Not Found","Street Not Found","Jefferson","Kansas","67340","United States of America"
"588","151","North Franklin Street","Chicago","Illinois","60606","United States of America"
"589","House Number Not Found","Street Not Found","Gowers Corner","Florida","33576","United States of America"
"592","House Number Not Found","Street Not Found","Saint Petersburg","Florida","33713","United States of America"
"594","1635","Farrington Road","Bells","North Carolina","27523","United States of America"
"595","House Number Not Found","West Highland Street","Denton","Texas","76201","United States of America"
"597","House Number Not Found","Street Not Found","Lakewood Township","New Jersey","08701","United States of America"
"598","House Number Not Found","Morris Park Avenue","New York City","New York","10461","United States of America"
"599","74785","Street Not Found","Indian Wells","California","92210","United States of America"
"601","House Number Not Found","Street Not Found","Atlanta","Georgia","30303","United States of America"
"602","180","Euclid Avenue","Cleveland","Ohio","44113","United States of America"
"603","1","Federal Street","Boston","Massachusetts","02110-1301","United States of America"
"605","House Number Not Found","Street Not Found","Tustin","California","92780","United States of America"
"606","House Number Not Found","Street Not Found","Nashville-Davidson","Tennessee","37219","United States of America"
"608","1","Federal Street","Boston","Massachusetts","02110-1301","United States of America"
"609","House Number Not Found","Street Not Found","Gilman","Illinois","60938","United States of America"
"610","House Number Not Found","Hempstead Highway","Houston","Texas","77433","United States of America"
"611","House Number Not Found","2nd Street","Cedar Key","Florida","32625","United States of America"
"613","House Number Not Found","Street Not Found","Tanager Forest","Maryland","21108","United States of America"
"614","House Number Not Found","Street Not Found","Tanager Forest","Maryland","21108","United States of America"
"615","House Number Not Found","Pine Street","Salina","Kansas","67401","United States of America"
"616","House Number Not Found","Street Not Found","Le Hunt","Kansas","67301","United States of America"
"618","House Number Not Found","Street Not Found","Oakville","Connecticut","06795","United States of America"
"619","House Number Not Found","Street Not Found","Raleigh","North Carolina","27603","United States of America"
"621","House Number Not Found","Street Not Found","Sharpes Hill","South Carolina","29053","United States of America"
"624","House Number Not Found","Street Not Found","Tetersburg","Indiana","46045","United States of America"
"626","House Number Not Found","Street Not Found","City Not Found","Arkansas","72082:72102:72143","United States of America"
"627","House Number Not Found","Street Not Found","Lake Zurich","Illinois","60047","United States of America"
"628","House Number Not Found","Street Not Found","Ames","Iowa","50011","United States of America"
"629","House Number Not Found","Street Not Found","Putnam Township","Michigan","48169","United States of America"
"631","151","North Franklin Street","Chicago","Illinois","60606","United States of America"
"633","House Number Not Found","Pasadena Road","Pasadena","Maryland","21122","United States of America"
"634","House Number Not Found","River Walk","San Antonio","Texas","78205","United States of America"
"636","House Number Not Found","Street Not Found","Pittsburgh","Pennsylvania","15219","United States of America"
"641","House Number Not Found","Street Not Found","Suffolk","Virginia","23434","United States of America"
"643","151","North Franklin Street","Chicago","Illinois","60606","United States of America"
"644","House Number Not Found","Street Not Found","Sacramento","California","95822","United States of America"
"645","House Number Not Found","West 9th Street","Winner","South Dakota","57680","United States of America"
"646","House Number Not Found","Street Not Found","Anchorage","Alaska","AK 99501-2129","United States of America"
"647","House Number Not Found","Street Not Found","Boyleston","Indiana","46057","United States of America"
"648","House Number Not Found","Street Not Found","City Not Found","Iowa","50141","United States of America"
"649","House Number Not Found","Street Not Found","Houston","Texas","77003:77007","United States of America"
"650","House Number Not Found","Street Not Found","Omaha","Nebraska","68012","United States of America"
"653","150","Greenwich Street","New York City","New York","10007","United States of America"
"655","500","East Trade Street","Charlotte","North Carolina","28202","United States of America"
"656","House Number Not Found","Street Not Found","Mount Prospect","Illinois","60056-5712","United States of America"
"659","House Number Not Found","Street Not Found","Fort Worth","Texas","76102","United States of America"
"660","House Number Not Found","Street Not Found","Fresno","California","93702","United States of America"
"661","254","West 47th Street","New York City","New York","10036","United States of America"
"664","House Number Not Found","Street Not Found","Minneapolis","Minnesota","55401","United States of America"
"665","350","Canal Walk","Indianapolis","Indiana","46202","United States of America"
"667","House Number Not Found","Street Not Found","St. Charles","Illinois","60184","United States of America"
"668","House Number Not Found","Street Not Found","City Not Found","Georgia","Postcode Not Found","United States of America"
"669","House Number Not Found","13th Street","Port Arthur","Texas","77642","United States of America"
"670","House Number Not Found","Street Not Found","San Bernardino","California","92346","United States of America"
"671","151","North Franklin Street","Chicago","Illinois","60606","United States of America"
"672","House Number Not Found","Street Not Found","Frankfort","Kentucky","40601","United States of America"
"673","151","North Franklin Street","Chicago","Illinois","60606","United States of America"
"674","350","Canal Walk","Indianapolis","Indiana","46202","United States of America"
"675","House Number Not Found","Street Not Found","College Station","Texas","77841","United States of America"
"676","1392","Atlantic Avenue","New York City","New York","11216","United States of America"
"680","House Number Not Found","Street Not Found","Putnam Township","Michigan","48169","United States of America"
"682","22","East Leigh Street","Richmond City","Virginia","23219","United States of America"
"683","House Number Not Found","Street Not Found","Raleigh","North Carolina","27616-4605","United States of America"
"685","House Number Not Found","Street Not Found","Manalapan Township","New Jersey","07726","United States of America"
"686","House Number Not Found","Hiett Road","Greece","New York","14626","United States of America"
"688","House Number Not Found","Street Not Found","Jefferson","Kansas","67340","United States of America"
"689","House Number Not Found","Street Not Found","Denton","Texas","76201","United States of America"
"690","House Number Not Found","Street Not Found","Jewtown","Georgia","31522","United States of America"
"691","3710","Richmond Road","New York City","New York","10306","United States of America"
"692","House Number Not Found","Street Not Found","Fort Worth","Texas","76102","United States of America"
"693","House Number Not Found","Street Not Found","Fresno","California","93702","United States of America"
"694","House Number Not Found","Street Not Found","St. Louis","Missouri","63102-1102","United States of America"
"695","House Number Not Found","Davenport Avenue","New Haven","Connecticut","06519","United States of America"
"696","House Number Not Found","Street Not Found","Ashland","Ohio","44805","United States of America"
"697","House Number Not Found","McRae Street","Hope","Arkansas","71801","United States of America"
"698","House Number Not Found","Street Not Found","Weber Hill","Missouri","63051","United States of America"
"699","House Number Not Found","Street Not Found","Cincinnati","Ohio","45202","United States of America"
"700","309","East 11th Street","Austin","Texas","78701","United States of America"
"701","House Number Not Found","Street Not Found","Houston","Texas","77003:77007","United States of America"
"702","House Number Not Found","Street Not Found","Portland","Oregon","97258","United States of America"
"703","House Number Not Found","Street Not Found","Elko","Nevada","898901","United States of America"
"704","House Number Not Found","Street Not Found","Greer","South Carolina","29651","United States of America"
"705","House Number Not Found","Street Not Found","Philadelphia","Pennsylvania","19102","United States of America"
"707","301","West 21st Street","Austin","Texas","78705","United States of America"
"708","House Number Not Found","Street Not Found","Jacksonville Beach","Florida","32250","United States of America"
"711","15361","State Route 207","Coles Corner","Washington","98826","United States of America"
"712","House Number Not Found","Street Not Found","Thibodaux","Louisiana","70301","United States of America"
"713","House Number Not Found","Street Not Found","Tetersburg","Indiana","46045","United States of America"
"716","House Number Not Found","Street Not Found","Kennesaw","Georgia","30144","United States of America"
"717","House Number Not Found","Street Not Found","Washington","District of Columbia","20420","United States of America"
"718","309","East 11th Street","Austin","Texas","78701","United States of America"
"720","House Number Not Found","Meade Road","North Reading","Massachusetts","01864","United States of America"
"722","House Number Not Found","Street Not Found","Syracuse","New York","13202","United States of America"
"724","House Number Not Found","Street Not Found","Plattsburgh","New York","12903","United States of America"
"725","House Number Not Found","Street Not Found","Greensboro","North Carolina","27405","United States of America"
"726","House Number Not Found","Street Not Found","Sugar Land","Texas","77478","United States of America"
"727","House Number Not Found","North Seminary Avenue","Chicago","Illinois","60657","United States of America"
"730","House Number Not Found","Street Not Found","Washington","District of Columbia","20420","United States of America"
